{"stat.beaconInteraction":1,"stat.useItem.minecraft.quartz_block":82134,"stat.useItem.minecraft.stone":2644,"stat.useItem.minecraft.quartz_stairs":930,"stat.leaveGame":24,"stat.useItem.minecraft.beacon":1,"stat.useItem.minecraft.clay":1,"stat.useItem.minecraft.stained_glass_pane":6917,"stat.useItem.minecraft.bedrock":289,"stat.jump":6935,"stat.crouchOneCm":32306,"stat.useItem.minecraft.nether_brick_fence":1674,"stat.useItem.minecraft.dirt":2939,"stat.pickup.minecraft.dirt":15,"achievement.exploreAllBiomes":{"value":0,"progress":["Ocean"]},"stat.useItem.minecraft.sapling":5,"stat.damageTaken":840,"stat.flyOneCm":42088818,"stat.pickup.minecraft.quartz_block":2,"stat.damageDealt":110,"stat.useItem.minecraft.wool":51,"stat.timeSinceDeath":430018,"stat.useItem.minecraft.sign":3,"stat.useItem.minecraft.iron_bars":940,"stat.killEntity.Bat":1,"stat.walkOneCm":3851779,"stat.useItem.minecraft.cobblestone":8539,"stat.useItem.minecraft.tnt":17,"stat.useItem.minecraft.emerald_block":872,"stat.useItem.minecraft.redstone_block":28,"stat.useItem.minecraft.sea_lantern":8,"stat.useItem.minecraft.stained_hardened_clay":24256,"stat.sprintOneCm":2000348,"stat.useItem.minecraft.stone_stairs":1192,"stat.useItem.minecraft.stone_slab":343,"achievement.openInventory":112,"stat.mobKills":1,"stat.useItem.minecraft.dye":92,"stat.deaths":3,"stat.drop":1,"stat.playOneMinute":3553303,"stat.sneakTime":121434,"stat.drop.minecraft.quartz_block":1}