{"stat.useItem.minecraft.iron_bars":940,"stat.walkOneCm":2657131,"stat.useItem.minecraft.quartz_block":44291,"stat.useItem.minecraft.stone":1751,"stat.useItem.minecraft.quartz_stairs":473,"stat.leaveGame":12,"stat.useItem.minecraft.cobblestone":5272,"stat.useItem.minecraft.emerald_block":872,"stat.useItem.minecraft.clay":1,"stat.useItem.minecraft.stained_glass_pane":4382,"stat.useItem.minecraft.bedrock":20,"stat.jump":5207,"stat.useItem.minecraft.sea_lantern":6,"stat.crouchOneCm":26932,"stat.useItem.minecraft.stained_hardened_clay":15154,"stat.useItem.minecraft.dirt":1160,"stat.sprintOneCm":1831214,"achievement.exploreAllBiomes":{"value":0,"progress":["Ocean"]},"stat.useItem.minecraft.stone_stairs":732,"stat.useItem.minecraft.stone_slab":231,"stat.useItem.minecraft.sapling":5,"achievement.openInventory":70,"stat.damageTaken":280,"stat.useItem.minecraft.dye":92,"stat.flyOneCm":28211949,"stat.deaths":1,"stat.drop":1,"stat.pickup.minecraft.quartz_block":1,"stat.playOneMinute":2242715,"stat.sneakTime":62344,"stat.drop.minecraft.quartz_block":1,"stat.damageDealt":16,"stat.useItem.minecraft.wool":51,"stat.timeSinceDeath":2229065,"stat.useItem.minecraft.sign":3}